<?xml version="1.0" encoding="UTF-8"?>
<project-private xmlns="http://www.netbeans.org/ns/project-private/1">
    <editor-bookmarks xmlns="http://www.netbeans.org/ns/editor-bookmarks/2" lastBookmarkId="0"/>
    <open-files xmlns="http://www.netbeans.org/ns/projectui-open-files/2">
        <group>
            <file>file:/C:/Users/Ingrid%20Rivera/Documents/NetBeansProjects/examen/src/java/datos/AdministradorSolicitudes.java</file>
            <file>file:/C:/Users/Ingrid%20Rivera/Documents/NetBeansProjects/examen/src/java/datos/datos.java</file>
            <file>file:/C:/Users/Ingrid%20Rivera/Documents/NetBeansProjects/examen/src/java/datos/Solicitud.java</file>
            <file>file:/C:/Users/Ingrid%20Rivera/Documents/NetBeansProjects/examen/web/datos.xhtml</file>
            <file>file:/C:/Users/Ingrid%20Rivera/Documents/NetBeansProjects/examen/web/index.xhtml</file>
            <file>file:/C:/Users/Ingrid%20Rivera/Documents/NetBeansProjects/examen/web/lista.xhtml</file>
        </group>
    </open-files>
</project-private>
